,Dimension,TagSet,hasSynonym
0,Equipment,Elevator,
1,Equipment,Energy Storage,
2,Equipment,Fire Safety System,
3,Equipment,Heating Ventilation Air Conditioning System,HVAC
4,Equipment,Lighting System,
5,Equipment,Power System,
6,Equipment,Solar Panel,
7,Equipment,Steam,
8,Equipment,Water System,WS
9,Equipment,Weather,
10,Equipment>Energy Storage,Battery,
11,Equipment>Energy Storage,Thermal Energy Storage,
12,Equipment>Fire Safety System,Fire Control Panel,FCP
13,Equipment>HVAC,Air Handler Unit,AHU
14,Equipment>HVAC,Coil,
15,Equipment>HVAC,Compressor,
16,Equipment>HVAC,Computer Room Air Conditioning,CRAC
17,Equipment>HVAC,Condenser,Condensor
18,Equipment>HVAC,Boiler,
19,Equipment>HVAC,Damper,
20,Equipment>HVAC,Economizer,
21,Equipment>HVAC,Fan,
22,Equipment>HVAC,Filter,
23,Equipment>HVAC,Fume Hood,
24,Equipment>HVAC,Pump,
25,Equipment>HVAC,Space Heater,
26,Equipment>HVAC,Terminal Unit,
27,Equipment>HVAC,Thermostat,
28,Equipment>HVAC,Valve,
29,Equipment>HVAC,Variable Frequency Drive,VFD
30,Equipment>HVAC>AHU,Heat Wheel VFD,
31,Equipment>HVAC>AHU,PreHeat Hot Water Valve,
32,Equipment>HVAC>AHU,PreHeat Valve VFD,
33,Equipment>HVAC>Coil,Cooling Coil,
34,Equipment>HVAC>Coil,Heat Exchanger,HX
35,Equipment>HVAC>Coil,Heating Coil,
36,Equipment>HVAC>CRAC,Emergency Power Off System,
37,Equipment>HVAC>CRAC,Standby CRAC Unit,
38,Equipment>HVAC>CWS,Chiller,
39,Equipment>HVAC>CWS,Cooling Coil,
40,Equipment>HVAC>CWS,Cooling Tower,
41,Equipment>HVAC>CWS,Cooling Tower Fan,
42,Equipment>HVAC>Damper,Economizer Damper,
43,Equipment>HVAC>Damper,Exhaust Air Damper,
44,Equipment>HVAC>Damper,Outside Air Damper,
45,Equipment>HVAC>Damper,Return Air Damper,
46,Equipment>HVAC>Fan,Exhaust Fan,
47,Equipment>HVAC>Fan,Return Fan,
48,Equipment>HVAC>Fan,Standby Fan,
49,Equipment>HVAC>Fan,Supply Fan,
50,Equipment>HVAC>Fan>Supply Fan,Booster Fan,
51,Equipment>HVAC>Filter,Mixed Air Filter,
52,Equipment>HVAC>Pump,Chilled Water Pump,
53,Equipment>HVAC>Pump,Hot Water Pump,
54,Equipment>HVAC>Terminal Unit,Fan Coil Unit,FCU
55,Equipment>HVAC>Terminal Unit,Variable Air Volume,VAV
56,Equipment>HVAC>Valve,Chilled Water Valve,
57,Equipment>HVAC>Valve,Cooling Valve,
58,Equipment>HVAC>Valve,Heating Valve,
59,Equipment>HVAC>Valve>Heating Valve,Domestic Hot Water Valve,
60,Equipment>HVAC>Valve>Heating Valve,Reheat Valve,
61,Equipment>Power System,Demand Response,
62,Equipment>Power System,Emergency Generator,
63,Equipment>Power System,Inverter,
64,Equipment>Valve,Isolation Valve,
65,Equipment>Water System,Chilled Water System,CWS
66,Equipment>Water System,Domestic Hot Water System,DHWS
67,Equipment>Water System,Hot Water System,HWS
68,Location,Building,
69,Location,Floor,
70,Location,Roof,
71,Location,Basement,
72,Location,Outside,
73,Location,City,
74,Location,Wing,
75,Location,Space,
76,Location,Room,
77,Location,Zone,
78,Location>Room,Laboratory,
79,Location>Room,Server Room,
80,Location>Room>Laboratory,Cold Box,
81,Location>Room>Laboratory,Environment Box,
82,Location>Room>Laboratory,Freezer,
83,Location>Room>Laboratory,Hot Box,
84,Location>Zone,HVAC Zone,
85,Location>Zone,Lighting Zone,
86,MeasurementProperty,Energy,
87,MeasurementProperty,Solar Radiance,
88,MeasurementProperty>Angle,Solar Azimuth Angle,
89,MeasurementProperty>Angle,Solar Zenith Angle,
90,MeasurementProperty>CO2,Outside Air CO2,
91,MeasurementProperty>CO2,Return Air CO2,
92,MeasurementProperty>Conductivity,Deionised Water Conductivity,
93,MeasurementProperty>Current,Motor Current,Load Current
94,MeasurementProperty>Current,Photovoltaic Current Output,"PV System Output, PV Current Output"
95,MeasurementProperty>Dewpoint,Outside Air Dewpoint,
96,MeasurementProperty>Dewpoint,Return Air Dewpoint,
97,MeasurementProperty>Direction,Wind Direction,
98,MeasurementProperty>Energy,Thermal Energy,
99,MeasurementProperty>Enthalpy,Outside Air Enthalpy,
100,MeasurementProperty>Enthalpy,Outside Enthalpy,
101,MeasurementProperty>Enthalpy,Return Air Enthalpy,
102,MeasurementProperty>Flow>Air Flow,Booster Fan Air Flow,
103,MeasurementProperty>Flow>Air Flow,Discharge Air Flow,Supply Air Flow
104,MeasurementProperty>Flow>Air Flow,Exhaust Air Flow,
105,MeasurementProperty>Flow>Air Flow,Fan Air Flow,
106,MeasurementProperty>Flow>Air Flow,Outside Air Flow,
107,MeasurementProperty>Flow>Air Flow,Return Air Flow,
108,MeasurementProperty>Flow>Air Flow>Discharge Air Flow,Supply Fan Air Flow,
109,MeasurementProperty>Flow>Air Flow>Exhaust Air Flow,Exhaust Air Stack Flow,
110,MeasurementProperty>Flow>Air Flow>Return Air Flow,Return Fan Air Flow,
111,MeasurementProperty>Flow>Water Flow,Chilled Water Supply Flow,
112,MeasurementProperty>Frequency,Output Frequency,
113,MeasurementProperty>Grains,Outside Air Grains,
114,MeasurementProperty>Grains,Return Air Grains,
115,MeasurementProperty>Humidity,Outside Air Humidity,
116,MeasurementProperty>Humidity,Relative Humidity,
117,MeasurementProperty>Humidity,Return Air Humidity,
118,MeasurementProperty>Piezoelectric,Exhaust Fan Piezoelectric,
119,MeasurementProperty>Piezoelectric,Supply Fan Piezoelectric,
120,MeasurementProperty>Position,Damper Position,
121,MeasurementProperty>Power,Motor Power,
122,MeasurementProperty>Pressure,Static Pressure,
123,MeasurementProperty>Pressure>Differential Pressure,Chilled Water Differential Pressure,
124,MeasurementProperty>Pressure>Differential Pressure,Filter Differential Pressure,
125,MeasurementProperty>Pressure>Differential Pressure,Heat Wheel Differential Pressure,
126,MeasurementProperty>Pressure>Differential Pressure,Hot Water Differential Pressure,
127,MeasurementProperty>Pressure>Differential Pressure>Hot Water Differential Pressure,Medium Temperature Hot Water Differential Pressure,
128,MeasurementProperty>Pressure>Velocity Pressure,Discharge Air Velocity Pressure,Supply Air Velocity Pressure
129,MeasurementProperty>Pressure>Velocity Pressure,Exhaust Air Velocity Pressure,
130,MeasurementProperty>Speed,Heat Wheel Speed,
131,MeasurementProperty>Speed,Motor Speed,
132,MeasurementProperty>Speed,Wind Speed,
133,MeasurementProperty>Temperature,Chilled Water Discharge Temperature,Chilled Water Supply Temperature
134,MeasurementProperty>Temperature,Chilled Water Return Temperature,
135,MeasurementProperty>Temperature,Cold Box Temperature,
136,MeasurementProperty>Temperature,CRAC Temperature,
137,MeasurementProperty>Temperature,Discharge Air Temperature,Supply Air Temperature
138,MeasurementProperty>Temperature,Domestic Hot Water Supply Temperature,
139,MeasurementProperty>Temperature,Drive Temperature,
140,MeasurementProperty>Temperature,Environment Box Temperature,
141,MeasurementProperty>Temperature,Exhaust Air Temperature,
142,MeasurementProperty>Temperature,Freezer Temperature,
143,MeasurementProperty>Temperature,Heat Exchanger Supply Water Temperature,
144,MeasurementProperty>Temperature,Hot Box Temperature,
145,MeasurementProperty>Temperature,Hot Water Return Temperature,
146,MeasurementProperty>Temperature,Hot Water Supply Temperature,
147,MeasurementProperty>Temperature,Outside Air Temperature,
148,MeasurementProperty>Temperature,Room Temperature,
149,MeasurementProperty>Temperature,Water Supply Temperature,
150,MeasurementProperty>Temperature,Zone Temperature,
151,MeasurementProperty>Temperature>Differential Temperature,Chilled Water Supply Return Differential Temperature,
152,MeasurementProperty>Temperature,Heat Wheel Discharge Air Temperature,Heat Wheel Supply Air Temperature
153,MeasurementProperty>Temperature,Preheat Discharge Air Temperature,Preheat Supply Air Temperature
154,MeasurementProperty>Temperature>Hot Water Return Temperature,High Temperature Hot Water Return Temperature,
155,MeasurementProperty>Temperature>Hot Water Return Temperature,Medium Temperature Hot Water Return Temperature,
156,MeasurementProperty>Temperature>Hot Water Supply Temperature,High Temperature Hot Water Supply Temperature,
157,MeasurementProperty>Temperature>Hot Water Supply Temperature,Medium Temperature Hot Water Supply Temperature,
158,MeasurementProperty>Time,Run Time,Running Hour
159,MeasurementProperty>Torque,Motor Torque,
160,MeasurementProperty>Voltage,Battery Voltage,
161,MeasurementProperty>Voltage,DC Bus Voltage,
162,MeasurementProperty>Voltage,Heat Wheel Voltage,
163,MeasurementProperty>Voltage,Output Voltage,VFD Voltage
164,Point>Alarm,Air Flow Loss Alarm,
165,Point>Alarm,Change Filter Alarm,
166,Point>Alarm,CO2 High Alarm,
167,Point>Alarm,Communication Loss Alarm,
168,Point>Alarm,Compressor Overload Alarm,
169,Point>Alarm,Condensate Leak Alarm,
170,Point>Alarm,Condensate Leak Alarm,
171,Point>Alarm,Deionised Water Alarm,DI Water Alarm
172,Point>Alarm,Discharge Air Smoke Detected Alarm,Supply Air Smoke Detected Alarm
173,Point>Alarm,Discharge Air Temperature High Limit Alarm,Supply Air Temperature High Limit Alarm
174,Point>Alarm,Emergency Generator Alarm,
175,Point>Alarm,Emergency Power Loss Alarm,
176,Point>Alarm,Fan Overload Alarm,
177,Point>Alarm,Fume Hood Alarm,
178,Point>Alarm,High Head Pressure Alarm,
179,Point>Alarm,High Humidity Alarm,
180,Point>Alarm,High Temperature Alarm,
181,Point>Alarm,Hot Water Pump Alarm,
182,Point>Alarm,Humidifier Alarm,
183,Point>Alarm,Humidifier Panel No Water Alarm,
184,Point>Alarm,Liquid Detected Alarm,
185,Point>Alarm,Low Humidity Alarm,
186,Point>Alarm,Low Suction Pressure Alarm,
187,Point>Alarm,Low Temperature Alarm,
188,Point>Alarm,Luminance Alarm,
189,Point>Alarm,Maintenance Required Alarm,
190,Point>Alarm,Power Loss Alarm,
191,Point>Alarm,Pump Alarm,
192,Point>Alarm,Return Air Temperature High Limit Alarm,
193,Point>Alarm,Return Air Temperature Low Limit Alarm,
194,Point>Alarm,Short Cycle Alarm,
195,Point>Alarm,Smoke Detected Alarm,
196,Point>Alarm,Unit Failed Alarm,
197,Point>Alarm,VFD Alarm,
198,Point>Alarm,Water Loss Alarm,
199,Point>Alarm>Failure Alarm,Chiller Failure Alarm,
200,Point>Alarm>Temperature Alarm,Chiller Supply Water Temperature Alarm,Chiller Discharge Water Temperature Alarm
201,Point>Command,Cooling Command,
202,Point>Command>Override Command,Curtailment Override Command,
203,Point>Command,Damper Command,
204,Point>Command,Discharge Air Flow Command,Supply Air Flow Command
205,Point>Command,Emergency Power Off Command,
206,Point>Command,Emergency Power Off Switch Command,
207,Point>Command,Enable Command,
208,Point>Command,Disable Command,
209,Point>Command,Frequency Command,
210,Point>Command,Heating Command,
211,Point>Command,Humidify Command,
212,Point>Command,Load Shed Command,
213,Point>Command,Luminance Command,
214,Point>Command,Occupancy Command,Occupied Command
215,Point>Command,Panel Lockout Command,
216,Point>Command>Pump Command,Pump Lead Lag Command,
217,Point>Command>Pump Command,Pump Lead On Off Command,
218,Point>Command,Start Stop Command,
219,Point>Command,Valve Command,
220,Point>Command,Emergency Air Flow Command,
221,Point>Command>Cooling Command,Highest Zone Cooling Command,
222,Point>Command>Damper Command,Economizer Damper Command,
223,Point>Command>Damper Command,Exhaust Bypass Damper Command,
224,Point>Command>Damper Command,Mixed Air Damper Position Command,
225,Point>Command>Damper Command,Outside Air Damper Position Command,
226,Point>Command>Direction Command,Motor Direction Command,
227,Point>Command>Direction Command,Run Direction Command,
228,Point>Command>Enable Command,VFD Enable Command,
229,Point>Command>Enable Command,System Enable Command,
230,Point>Command>Enable Command,Chilled Water System Enable Command,
231,Point>Command>Enable Command,Domestic Hot Water System Enable Command,
232,Point>Command>Enable Command,Exhaust Fan Enable Command,
233,Point>Command>Enable Command,Exhaust Fan System Enable Command,
234,Point>Command>Enable Command,Hot Water System Enable Command,
235,Point>Command>Enable Command,Run Enable Command,
236,Point>Command>Disable Command,Exhaust Fan Disable Command,
237,Point>Command>Fans Stage Command,Building Exhaust Fans Stage Command,
238,Point>Command>Fire Control Panel Command,Fire Control Panel Off Command,
239,Point>Command>Fire Control Panel Command,Exhaust Fan Fire Control Panel Off Command,
240,Point>Command>Fire Control Panel Command,Fire Control Panel On Command,
241,Point>Command>Fire Control Panel Command,Exhaust Fan Fire Control Panel On Command,
242,Point>Command>Frequency Command,Max Frequency Command,
243,Point>Command>Load Shed Command,Standby Load Shed Command,
244,Point>Command>Load Shed Command,Unoccupied Load Shed Command,
245,Point>Command>Load Shed Command>Standby Load Shed Command,Zone Standby Load Shed Command,
246,Point>Command>Load Shed Command>Unoccupied Load Shed Command,Zone Unoccupied Load Shed Command,
247,Point>Command>Mode Command,Automatic Mode Command,
248,Point>Command>Mode Command,Maintenance Mode Command,
249,Point>Command>Mode Command,Box Mode Command,
250,Point>Command>On Off Command,Steam On Off Command,
251,Point>Command>Pump Command,Chilled Water Pump Lead Lag Command,
252,Point>Command>Pump Command,Hot Water Pump Lead Lag Command,
253,Point>Command>Request Command,Run Request Command,
254,Point>Command>Reset Command,Fault Reset Command,
255,Point>Command>Reset Command,Filter Reset Command,
256,Point>Command>Reset Command,Speed Reset Command,
257,Point>Command>Shutdown Command,Shutdown Hot Water When Unoccupied Command,
258,Point>Status,System Status,
259,Point>Status,VFD Status,
260,Point>Command>Shutdown Command,System Shutdown Command,
261,Point>Command,VFD Speed Command,
262,Point>Command>VFD Speed Command,Chilled Water Pump VFD Speed Command,
263,Point>Command>VFD Speed Command,Hot Water Pump VFD Speed Command,
264,Point>Status>VFD Speed Status,Return Fan VFD Speed Status,
265,Point>Status>VFD Speed Status,Supply Fan VFD Speed Status,Discharge Fan VFD Speed Status
266,Point>Setpoint>VFD Speed Setpoint,Return Fan VFD Speed Setpoint,
267,Point>Setpoint>VFD Speed Setpoint,Supply Fan VFD Speed Setpoint,Discharge Fan VFD Speed Setpoint
268,Point>Command>VFD Speed Command,Exhaust Fan VFD Speed Command,
269,Point>Command>VFD Speed Command,Return Fan VFD Speed Command,
270,Point>Command>VFD Speed Command,Supply Fan VFD Speed Command,Discharge Fan VFD Speed Command
271,Point>Sensor>VFD Speed Sensor,Return Fan VFD Speed Sensor,
272,Point>Sensor>VFD Speed Sensor,Supply Fan VFD Speed Sensor,Discharge Fan VFD Speed Sensor
273,Point>Command>Reset Command,Fan Speed Reset Command,
274,Point>Command>Booster Command,Booster Fan Command,
275,Point>Command>Start Stop Command,Booster Fan Start Stop Command,
276,Point>Command>Pump Command,Chilled Water Pump Command,
277,Point>Command>Start Stop Command,Chilled Water Pump Start Stop Command,
278,Point>Command>Start Stop Command,Pump Start Stop Command,
279,Point>Command>Start Stop Command,Domestic Hot Water System Start Stop Command,
280,Point>Command>Fan Command,Exhaust Fan Command,
281,Point>Command>Start Stop Command,Exhaust Fan Start Stop Command,
282,Point>Command>Start Stop Command,Hot Water Pump Start Stop Command,
283,Point>Command>Start Stop Command,Motor Start Stop Command,
284,Point>Command>Start Stop Command,Pump Start Stop Command,
285,Point>Command>Fan Command,Return Fan Command,
286,Point>Command>Start Stop Command,Return Fan Start Stop Command,
287,Point>Command>Fan Command,Supply Fan Command,Discharge Fan Command
288,Point>Command>Start Stop Command,Supply Fan Start Stop Command,Discharge Fan Start Stop Command
289,Point>Command>Start Stop Command,Heat Exchanger Start Stop Command,
290,Point>Command>Valve Command,Chilled Water Bypass Valve Command,
291,Point>Command>Valve Command,Cooling Valve Command,
292,Point>Command>Valve Command,Hot Water Valve Command,
293,Point>Command>Valve Command,Domestic Hot Water Valve Command,
294,Point>Command>Valve Command,Heat Exchanger Valve Command,
295,Point>Command>Valve Command,Heating Valve Command,
296,Point>Command>Valve Command,Perimeter Heating Valve Command,
297,Point>Command>Valve Command,Reheat Valve Command,
298,Point>Command>Valve Command,PreHeat Valve Command,
299,Point>Command>Valve Command,Return Air Preheat Valve Command,
300,Point>Command>Valve Command,Return Heat Valve Command,
301,Point>Meter,Power Meter,
302,Point>Meter,Gas Meter,
303,Point>Meter,Water Meter,
304,Point>Meter>Energy Meter,Peak Energy Today Meter,
305,Point>Meter>Flow Meter,Hot Water Flow Meter,
306,Point>Meter>Power Meter,Electrical Power Meter,
307,Point>Meter>Power Meter,Motor Power Meter,
308,Point>Meter>Power Meter,Thermal Power Meter,
309,Point>Meter>Power Meter>Thermal Power Meter,Cooling Thermal Power Meter,
310,Point>Meter>Power Meter>Thermal Power Meter,Heating Thermal Power Meter,
311,Point>Meter>Steam Usage Meter,Current Steam Usage Meter,
312,Point>Meter>Steam Usage Meter,Monthly Steam Usage Meter,
313,Point>Meter>Steam Usage Meter,Steam Usage Today Meter,
314,Point>Meter>Steam Usage Meter,Yearly Steam Usage Meter,
315,Point>Meter>Water Meter,Chilled Water Meter,
316,Point>Meter>Water Meter,Hot Water Meter,
317,Point>Sensor,Average Cooling Demand Sensor,
318,Point>Sensor,CO2 Differential Sensor,
319,Point>Sensor,CO2 Level Sensor,
320,Point>Sensor,CO2 Sensor,
321,Point>Sensor,Damper Position Sensor,
322,Point>Sensor,Energy Sensor,
323,Point>Sensor,Flow Sensor,
324,Point>Sensor,Frost Sensor,
325,Point>Sensor,Hail Sensor,
326,Point>Sensor,Humidity Sensor,
327,Point>Sensor,Outside Luminance Sensor,
328,Point>Setpoint,CO2 Setpoint,
329,Point>Setpoint,Luminance Setpoint,
330,Point>Sensor,Luminance Sensor,
331,Point>Sensor,Occupancy Sensor,
332,Point>Sensor,Pressure Sensor,
333,Point>Sensor,Rain Duration Sensor,
334,Point>Sensor,Rain Sensor,
335,Point>Sensor,Run Time Sensor,
336,Point>Sensor,Running Hour Sensor,
337,Point>Sensor,Solar Radiance Sensor,
338,Point>Sensor,Temperature Sensor,
339,Point>Sensor,Thermostat Adjust Sensor,
340,Point>Sensor,Trace Heat Sensor,
341,Point>Sensor,Warm Cool Adjust Sensor,
342,Point>Sensor,Current Sensor,
343,Point>Sensor>Air Grains Sensor,Outside Air Grains Sensor,
344,Point>Sensor>Air Grains Sensor,Return Air Grains Sensor,
345,Point>Sensor>Angle Sensor,Solar Azimuth Angle Sensor,
346,Point>Sensor>Angle Sensor,Solar Zenith Angle Sensor,
347,Point>Sensor>CO2 Sensor,Outside Air CO2 Sensor,
348,Point>Sensor>CO2 Sensor,Return Air CO2 Sensor,
349,Point>Sensor>Conductivity Sensor,Deionised Water Conductivity Sensor,
350,Point>Sensor>Current Sensor,Load Current Sensor,
351,Point>Sensor>Current Sensor,Motor Current Sensor,
352,Point>Sensor>Current Sensor,Photovoltaic Current Output Sensor,PV Current Output Sensor
353,Point>Sensor>Damper Position Sensor,Bypass Damper Position Sensor,
354,Point>Sensor>Damper Position Sensor,Fume Hood Sash Position Sensor,
355,Point>Sensor>Damper Position Sensor,Mixed Air Damper Position Sensor,
356,Point>Sensor>Damper Position Sensor,Outside Air Damper Position Sensor,
357,Point>Sensor>Demand Sensor,Peak Power Demand Sensor,
358,Point>Sensor>Dewpoint Sensor,Outside Air Dewpoint Sensor,
359,Point>Sensor>Dewpoint Sensor,Return Air Dewpoint Sensor,
360,Point>Sensor>Direction Sensor,Wind Direction Sensor,
361,Point>Sensor>Enthalpy Sensor,Outside Air Enthalpy Sensor,
362,Point>Sensor>Enthalpy Sensor,Outside Enthalpy Sensor,
363,Point>Sensor>Enthalpy Sensor,Return Air Enthalpy Sensor,
364,Point>Sensor>Flow Sensor>Air Flow Sensor,Bypass Air Flow Sensor,
365,Point>Sensor>Flow Sensor>Air Flow Sensor,Discharge Air Flow Sensor,Supply Air Flow Sensor
366,Point>Sensor>Flow Sensor>Air Flow Sensor,Exhaust Air Flow Sensor,
367,Point>Sensor>Flow Sensor>Air Flow Sensor,Fan Air Flow Sensor,
368,Point>Sensor>Flow Sensor>Air Flow Sensor,Fume Hood Air Flow Sensor,
369,Point>Sensor>Flow Sensor>Air Flow Sensor,Outside Air Flow Sensor,
370,Point>Sensor>Flow Sensor>Air Flow Sensor,Return Air Flow Sensor,
371,Point>Sensor>Flow Sensor>Air Flow Sensor>Discharge Air Flow Sensor,Average Discharge Air Flow Sensor,Average Supply Air Flow Sensor
372,Point>Sensor>Flow Sensor>Air Flow Sensor>Exhaust Air Flow Sensor,Exhaust Air Stack Flow Sensor,
373,Point>Sensor>Flow Sensor>Air Flow Sensor>Fan Air Flow Sensor,Booster Fan Air Flow Sensor,
374,Point>Sensor>Flow Sensor>Air Flow Sensor>Fan Air Flow Sensor,Return Fan Air Flow Sensor,
375,Point>Sensor>Flow Sensor>Air Flow Sensor>Fan Air Flow Sensor,Supply Fan Air Flow Sensor,Discharge Fan Air Flow Sensor
376,Point>Sensor>Flow Sensor>Water Flow Sensor>Supply Water Flow Sensor,Chilled Water Supply Flow Sensor,Chilled Water Discharge Flow Sensor
377,Point>Sensor>Frequency Sensor,Output Frequency Sensor,
378,Point>Sensor>Humidity Sensor,Discharge Air Humidity Sensor,Supply Air Humidity Sensor
379,Point>Sensor>Humidity Sensor,Exhaust Air Humidity Sensor,
380,Point>Sensor>Humidity Sensor,Outside Air Humidity Sensor,
381,Point>Sensor>Humidity Sensor,Relative Humidity Sensor,
382,Point>Sensor>Humidity Sensor,Return Air Humidity Sensor,
383,Point>Sensor>Humidity Sensor,Zone Humidity Sensor,
384,Point>Sensor>Motion Sensor,PIR Sensor,
385,Point>Sensor>Piezoelectric Sensor,Exhaust Fan Piezoelectric Sensor,
386,Point>Sensor>Piezoelectric Sensor,Supply Fan Piezoelectric Sensor,Discharge Fan Piezoelectric Sensor
387,Point>Sensor>Pressure Sensor,Cooling Coil Valve Pressure Sensor,
388,Point>Sensor>Pressure Sensor,Differential Pressure Sensor,
389,Point>Sensor>Pressure Sensor,Static Pressure Sensor,
390,Point>Status>Pressure Status,Supply Air Duct Pressure Status,Discharge Air Duct Pressure Status
391,Point>Sensor>Pressure Sensor>Differential Pressure Sensor,Chilled Water Differential Pressure Sensor,
392,Point>Sensor>Pressure Sensor>Differential Pressure Sensor,Filter Differential Pressure Sensor,
393,Point>Sensor>Pressure Sensor>Differential Pressure Sensor,Heat Wheel Differential Pressure Sensor,
394,Point>Sensor>Pressure Sensor>Differential Pressure Sensor,Hot Water Differential Pressure Sensor,
395,Point>Sensor>Pressure Sensor>Differential Pressure Sensor>Hot Water Differential Pressure Sensor,Medium Temperature Hot Water Differential Pressure Sensor,
396,Point>Sensor>Pressure Sensor>Static Pressure Sensor,Building Static Pressure Sensor,
397,Point>Sensor>Pressure Sensor>Static Pressure Sensor,Discharge Air Static Pressure Sensor,Supply Air Static Pressure Sensor
398,Point>Sensor>Pressure Sensor>Static Pressure Sensor,Exhaust Air Static Pressure Sensor,
399,Point>Sensor>Pressure Sensor>Static Pressure Sensor>Exhaust Air Static Pressure Sensor,Average Exhaust Air Static Pressure Sensor,
400,Point>Sensor>Pressure Sensor>Static Pressure Sensor>Exhaust Air Static Pressure Sensor,Lowest Exhaust Air Static Pressure Sensor,
401,Point>Sensor>Pressure Sensor>Valve Pressure Sensor,Chilled Valve Pressure Sensor,
402,Point>Sensor>Pressure Sensor>Velocity Pressure Sensor,Discharge Air Velocity Pressure Sensor,Supply Air Velocity Pressure Sensor
403,Point>Sensor>Pressure Sensor>Velocity Pressure Sensor,Exhaust Air Velocity Pressure Sensor,
404,Point>Sensor>Speed Sensor,Motor Speed Sensor,
405,Point>Sensor>Speed Sensor,Wind Speed Sensor,
406,Point>Sensor>Speed Sensor>Differential Speed Sensor,Heat Wheel Speed Sensor,
407,Point>Sensor>Speed Sensor>Differential Speed Sensor,Return Fan Differential Speed Sensor,
408,Point>Sensor>Temperature Sensor,Cold Box Temperature Sensor,
409,Point>Sensor>Temperature Sensor,Condensor Temperature Sensor,
410,Point>Sensor>Temperature Sensor,CRAC Temperature Sensor,
411,Point>Sensor>Temperature Sensor,Discharge Air Temperature Sensor,Supply Air Temperature Sensor
412,Point>Sensor>Temperature Sensor,Drive Temperature Sensor,
413,Point>Sensor>Temperature Sensor,Differential Temperature Sensor,
414,Point>Sensor>Temperature Sensor,Environment Box Temperature Sensor,
415,Point>Sensor>Temperature Sensor,Exhaust Air Temperature Sensor,
416,Point>Sensor>Temperature Sensor,Freezer Temperature Sensor,
417,Point>Sensor>Temperature Sensor,Hot Box Temperature Sensor,
418,Point>Sensor>Temperature Sensor,Mixed Air Temperature Sensor,
419,Point>Sensor>Temperature Sensor,Outside Air Temperature Sensor,
420,Point>Sensor>Temperature Sensor,Return Air Temperature Sensor,
421,Point>Sensor>Temperature Sensor,Room Temperature Sensor,
422,Point>Sensor>Temperature Sensor,Underfloor Temperature Sensor,
423,Point>Sensor>Temperature Sensor,Water Supply Temperature Sensor,Water Discharge Temperature Sensor
424,Point>Sensor>Temperature Sensor,Zone Air Temperature Sensor,
425,Point>Sensor>Temperature Sensor,Zone Temperature Sensor,
426,Point>Sensor>Temperature Sensor,Chilled Water Temperature Differential Sensor,
427,Point>Sensor>Temperature Sensor,Low Outside Air Temperature Enable Differential Sensor,
428,Point>Sensor>Temperature Sensor,Outside Air Lockout Temperature Differential Sensor,
429,Point>Sensor>Temperature Sensor,Cooling Coil Discharge Air Temperature Sensor,Cooling Coil Supply Air Temperature Sensor
430,Point>Sensor>Temperature Sensor,Heat Wheel Discharge Air Temperature Sensor,Heat Wheel Supply Air Temperature Sensor
431,Point>Sensor>Temperature Sensor,Preheat Discharge Air Temperature Sensor,Preheat Supply Air Temperature Sensor
432,Point>Sensor>Temperature Sensor>Entering Water Temperature Sensor,Hot Water Coil Entering Temperature Sensor,
433,Point>Sensor>Temperature Sensor>Entering Water Temperature Sensor,Ice Tank Entering Water Temperature Sensor,
434,Point>Sensor>Temperature Sensor>Entering Water Temperature Sensor,PreHeat Coil Entering Air Temperature Sensor,
435,Point>Sensor>Temperature Sensor>Leaving Water Temperature Sensor,Ice Tank Leaving Water Temperature Sensor,
436,Point>Sensor>Temperature Sensor>Leaving Water Temperature Sensor,PreHeat Coil Leaving Water Temperature Sensor,
437,Point>Sensor>Temperature Sensor>Return Water Temperature Sensor,Chilled Water Return Temperature Sensor,
438,Point>Sensor>Temperature Sensor>Return Water Temperature Sensor,Hot Water Return Temperature Sensor,
439,Point>Sensor>Temperature Sensor>Return Water Temperature Sensor>Hot Water Return Temperature Sensor,High Temperature Hot Water Return Temperature Sensor,
440,Point>Sensor>Temperature Sensor>Return Water Temperature Sensor>Hot Water Return Temperature Sensor,Medium Temperature Hot Water Return Temperature Sensor,
441,Point>Sensor>Temperature Sensor>Supply Water Temperature Sensor,Chilled Water Supply Temperature Sensor,Chilled Water Discharge Temperature Sensor
442,Point>Sensor>Temperature Sensor>Supply Water Temperature Sensor,Heat Exchanger Supply Water Temperature Sensor,Heat Exchanger Discharge Water Temperature Sensor
443,Point>Sensor>Temperature Sensor>Supply Water Temperature Sensor,Hot Water Supply Temperature Sensor,Hot Water Discharge Temperature Sensor
444,Point>Sensor>Temperature Sensor>Supply Water Temperature Sensor>Hot Water Supply Temperature Sensor,Domestic Hot Water Supply Temperature Sensor,Domestic Hot Water Discharge Temperature Sensor
445,Point>Sensor>Temperature Sensor>Supply Water Temperature Sensor>Hot Water Supply Temperature Sensor,High Temperature Hot Water Supply Temperature Sensor,High Temperature Hot Water Discharge Temperature Sensor
446,Point>Sensor>Temperature Sensor>Supply Water Temperature Sensor>Hot Water Supply Temperature Sensor,Medium Temperature Hot Water Supply Temperature Sensor,Medium Temperature Hot Water Discharge Temperature Sensor
447,Point>Sensor>Temperature Sensor>Zone Temperature Sensor,Average Zone Temperature Sensor,
448,Point>Sensor>Temperature Sensor>Zone Temperature Sensor,Highest Zone Temperature Sensor,Warmest Zone Temperature Sensor
449,Point>Sensor>Temperature Sensor>Zone Temperature Sensor,Lowest Zone Temperature Sensor,Coldest Zone Temperature Sensor
450,Point>Sensor>Timer Sensor,On Timer Sensor,
451,Point>Sensor>Torque Sensor,Motor Torque Sensor,
452,Point>Sensor>Voltage Sensor,Battery Voltage Sensor,
453,Point>Sensor>Voltage Sensor,DC Bus Voltage Sensor,
454,Point>Sensor>Voltage Sensor,Heat Wheel Voltage Sensor,
455,Point>Sensor>Voltage Sensor,Output Voltage Sensor,
456,Point>Sensor>Water Level Sensor,Deionised Water Level Sensor,DI Water Level Sensor
457,Point>Setpoint,Acceleration Time Setpoint,
458,Point>Setpoint,Alarm Delay Setpoint,
459,Point>Setpoint,Current Limit Setpoint,
460,Point>Setpoint,Deceleration Time Setpoint,
461,Point>Setpoint,High Humidity Alarm Setpoint,
462,Point>Setpoint,High Temperature Alarm Setpoint,
463,Point>Setpoint,Humidity Setpoint,
464,Point>Setpoint,Rated Speed Setpoint,
465,Point>Setpoint,Temperature Setpoint,
466,Point>Setpoint,Zone Temperature Setpoint,
467,Point>Setpoint,Min Fresh Air Setpoint,
468,Point>Setpoint>Air Flow Setpoint,Ventilation Air Flow Ratio Limit Setpoint,
469,Point>Setpoint>Alarm Delay Setpoint,Pump Alarm Delay Setpoint,
470,Point>Setpoint>Alarm Delay Setpoint>Pump Alarm Delay Setpoint,Chilled Water Pump Alarm Delay Setpoint,
471,Point>Sensor,Capacity Sensor,
472,Point>Setpoint>CO2 Setpoint>Return Air CO2 Setpoint,Max Return Air CO2 Setpoint,
473,Point>Setpoint>Damper Position Setpoint,Economizer Damper Min Position Setpoint,
474,Point>Setpoint>Damper Position Setpoint,Outside Air Damper Close Limit Setpoint,
475,Point>Setpoint>Damper Position Setpoint,Outside Air Damper Min Position Setpoint,
476,Point>Setpoint>Damper Position Setpoint,Supply Air Damper Max Position Setpoint,Discharge Air Damper Max Position Setpoint
477,Point>Setpoint>Dead Band Setpoint,Chilled Water Differential Pressure Dead Band Setpoint,
478,Point>Setpoint>Dead Band Setpoint>Differential Pressure Dead Band Setpoint,Chilled Water Pump Differential Pressure Dead Band Setpoint,
479,Point>Setpoint>Dead Band Setpoint>Differential Pressure Dead Band Setpoint,Hot Water Differential Pressure Dead Band Setpoint,
480,Point>Setpoint>Dead Band Setpoint,Cooling Discharge Air Temperature Dead Band Setpoint,Cooling Supply Air Temperature Dead Band Setpoint
481,Point>Setpoint>Dead Band Setpoint,Economizer Discharge Air Temperature Dead Band Setpoint,Economizer Supply Air Temperature Dead Band Setpoint
482,Point>Setpoint>Dead Band Setpoint,Heating Discharge Air Temperature Dead Band Setpoint,Heating Supply Air Temperature Dead Band Setpoint
483,Point>Setpoint>Dead Band Setpoint>Exhaust Air Flow Dead Band Setpoint,Exhaust Air Stack Flow Dead Band Setpoint,
484,Point>Setpoint>Dead Band Setpoint>Static Pressure Dead Band Setpoint,Discharge Air Static Pressure Dead Band Setpoint,Supply Air Static Pressure Dead Band Setpoint
485,Point>Setpoint>Dead Band Setpoint>Static Pressure Dead Band Setpoint,Exhaust Air Static Pressure Dead Band Setpoint,
486,Point>Setpoint>Dead Band Setpoint>Supply Water Differential Pressure Dead Band Setpoint,Thermal Energy Storage Supply Water Differential Pressure Dead Band Setpoint,Thermal Energy Storage Discharge Water Differential Pressure Dead Band Setpoint
487,Point>Setpoint>Dead Band Setpoint>Supply Water Temperature Dead Band Setpoint,Heat Exchanger Supply Water Temperature Dead Band Setpoint,Heat Exchanger Discharge Water Temperature Dead Band Setpoint
488,Point>Setpoint>Dead Band Setpoint>Zone Cooling Temperature Dead Band Setpoint,Occupied Cooling Temperature Dead Band Setpoint,
489,Point>Setpoint>Dead Band Setpoint>Zone Heating Temperature Dead Band Setpoint,Occupied Heating Temperature Dead Band Setpoint,
490,Point>Setpoint>Demand Setpoint,Cooling Demand Setpoint,Cooling Request Setpoint
491,Point>Setpoint>Demand Setpoint,Cooling Request Setpoint,
492,Point>Setpoint>Demand Setpoint,Cooling Request Percent Setpoint,
493,Point>Setpoint>Demand Setpoint,Discharge Air Flow Demand Setpoint,Supply Air Flow Demand Setpoint
494,Point>Setpoint>Demand Setpoint,Heating Request Percent Setpoint,
495,Point>Setpoint>Demand Setpoint,Heating Request Setpoint,
496,Point>Setpoint>Demand Setpoint,Heating Demand Setpoint,Heating Request Setpoint
497,Point>Setpoint>Demand Setpoint,Preheat Demand Setpoint,
498,Point>Setpoint>Dew Point Setpoint>Economizer Dewpoint Setpoint,Economizer Disable Fixed Dewpoint Setpoint,
499,Point>Setpoint>Dew Point Setpoint>Economizer Dewpoint Setpoint,Economizer Enable Fixed Dewpoint Setpoint,
500,Point>Setpoint>Enthalpy Setpoint>Economizer Enthalpy Setpoint,Economizer Disable Differential Enthalpy Setpoint,
501,Point>Setpoint>Enthalpy Setpoint>Economizer Enthalpy Setpoint,Economizer Disable Fixed Enthalpy Setpoint,
502,Point>Setpoint>Enthalpy Setpoint>Economizer Enthalpy Setpoint,Economizer Enable Differential Enthalpy Setpoint,
503,Point>Setpoint>Enthalpy Setpoint>Economizer Enthalpy Setpoint,Economizer Enable Fixed Enthalpy Setpoint,
504,Point>Setpoint>Flow Setpoint>Air Flow Setpoint,Discharge Air Flow Setpoint,Supply Air Flow Setpoint
505,Point>Setpoint>Flow Setpoint>Air Flow Setpoint,Economizer Outside Air Flow Setpoint,
506,Point>Setpoint>Flow Setpoint>Air Flow Setpoint,Outside Min Air Flow Setpoint,
507,Point>Setpoint>Flow Setpoint>Air Flow Setpoint,Fan Air Flow Setpoint,
508,Point>Setpoint>Flow Setpoint>Air Flow Setpoint>Fan Air Flow Setpoint,Booster Fan Air Flow Setpoint,
509,Point>Setpoint>Flow Setpoint>Air Flow Setpoint>Fan Air Flow Setpoint,Exhaust Fan Air Flow Setpoint,
510,Point>Setpoint>Flow Setpoint>Air Flow Setpoint>Discharge Air Flow Setpoint,Heating Discharge Air Flow Setpoint,Heating Supply Air Flow Setpoint
511,Point>Setpoint>Flow Setpoint>Air Flow Setpoint>Discharge Air Flow Setpoint>Cooling Discharge Air Flow Setpoint,Cooling Max Discharge Air Flow Setpoint,Cooling Max Supply Air Flow Setpoint
512,Point>Setpoint>Flow Setpoint>Air Flow Setpoint>Discharge Air Flow Setpoint>Cooling Discharge Air Flow Setpoint,Cooling Min Discharge Air Flow Setpoint,Cooling Min Supply Air Flow Setpoint
513,Point>Setpoint>Flow Setpoint>Air Flow Setpoint>Discharge Air Flow Setpoint>Cooling Discharge Air Flow Setpoint,Occupied Cooling Discharge Air Flow Setpoint,Occupied Cooling Supply Air Flow Setpoint
514,Point>Setpoint>Flow Setpoint>Air Flow Setpoint>Discharge Air Flow Setpoint>Cooling Discharge Air Flow Setpoint,Unoccupied Cooling Discharge Air Flow Setpoint,Unoccupied Cooling Supply Air Flow Setpoint
515,Point>Setpoint>Flow Setpoint>Air Flow Setpoint>Discharge Air Flow Setpoint>Cooling Discharge Air Flow Setpoint>Occupied Cooling Discharge Air Flow Setpoint,Occupied Cooling Max Discharge Air Flow Setpoint,Occupied Cooling Max Supply Air Flow Setpoint
516,Point>Setpoint>Flow Setpoint>Air Flow Setpoint>Discharge Air Flow Setpoint>Cooling Discharge Air Flow Setpoint>Occupied Cooling Discharge Air Flow Setpoint,Occupied Cooling Min Discharge Air Flow Setpoint,Occupied Cooling Min Supply Air Flow Setpoint
517,Point>Setpoint>Flow Setpoint>Air Flow Setpoint>Discharge Air Flow Setpoint>Heating Discharge Air Flow Setpoint,Heating Max Discharge Air Flow Setpoint,Heating Max Supply Air Flow Setpoint
518,Point>Setpoint>Flow Setpoint>Air Flow Setpoint>Discharge Air Flow Setpoint>Heating Discharge Air Flow Setpoint,Heating Min Discharge Air Flow Setpoint,Heating Min Supply Air Flow Setpoint
519,Point>Setpoint>Flow Setpoint>Air Flow Setpoint>Discharge Air Flow Setpoint>Heating Discharge Air Flow Setpoint,Occupied Heating Discharge Air Flow Setpoint,Occupied Heating Supply Air Flow Setpoint
520,Point>Setpoint>Flow Setpoint>Air Flow Setpoint>Discharge Air Flow Setpoint>Heating Discharge Air Flow Setpoint>Occupied Heating Discharge Air Flow Setpoint,Occupied Heating Max Discharge Air Flow Setpoint,Occupied Heating Max Supply Air Flow Setpoint
521,Point>Setpoint>Flow Setpoint>Air Flow Setpoint>Discharge Air Flow Setpoint>Heating Discharge Air Flow Setpoint>Occupied Heating Discharge Air Flow Setpoint,Occupied Heating Min Discharge Air Flow Setpoint,Occupied Heating Min Supply Air Flow Setpoint
522,Point>Setpoint>Flow Setpoint>Air Flow Setpoint>Exhaust Air Flow Setpoint,Exhaust Air Stack Flow Setpoint,
523,Point>Setpoint>Humidity Setpoint,Low Humidity Alarm Setpoint,
524,Point>Setpoint>Increase Decrease Step Setpoint,Chilled Water Differential Pressure Increase Decrease Step Setpoint,
525,Point>Setpoint>Increase Decrease Step Setpoint,Discharge Air Static Pressure Increase Decrease Step Setpoint,Supply Air Static Pressure Increase Decrease Step Setpoint
526,Point>Setpoint>Increase Decrease Step Setpoint,Discharge Air Temperature Setpoint Increase Decrease Step,Supply Air Temperature Setpoint Increase Decrease Step
527,Point>Setpoint>Integral Time Setpoint,Chilled Water Differential Pressure Integral Time Setpoint,
528,Point>Setpoint>Integral Gain Setpoint,Supply Air Integrative Gain Factor,
529,Point>Setpoint>Integral Time Setpoint,Discharge Air Static Pressure Integral Time Setpoint,Supply Air Static Pressure Integral Time Setpoint
530,Point>Setpoint>Integral Time Setpoint>Differential Pressure Integral Time,Chilled Water Pump Differential Pressure Integration Time Setpoint,
531,Point>Setpoint>Integral Time Setpoint>Differential Pressure Integral Time Setpoint,Hot Water Differential Pressure Integral Time Setpoint,
532,Point>Setpoint>Integral Time Setpoint,Cooling Discharge Air Temperature Integral Time Setpoint,Cooling Supply Air Temperature Integral Time Setpoint
533,Point>Setpoint>Integral Time Setpoint,Heating Discharge Air Temperature Integral Time Setpoint,Heating Supply Air Temperature Integral Time Setpoint
534,Point>Setpoint>Integral Time Setpoint>Exhaust Air Flow Integral Time Setpoint,Exhaust Air Stack Flow Integral Time Setpoint,
535,Point>Setpoint>Integral Time Setpoint>Static Pressure Integral Time Setpoint,Exhaust Air Static Pressure Integral Time Setpoint,
536,Point>Setpoint>Integral Time Setpoint>Supply Water Differential Pressure Integral Time Setpoint,Thermal Energy Storage Supply Water Differential Pressure Integral Time Setpoint,Thermal Energy Storage Discharge Water Differential Pressure Integral Time Setpoint
537,Point>Setpoint>Integral Time Setpoint>Supply Water Temperature Integral Time Setpoint,Heat Exchanger Supply Water Temperature Integral Time Setpoint,Heat Exchanger Discharge Water Temperature Integral Time Setpoint
538,Point>Setpoint>Load Setpoint>Max Load Setpoint,Chiller Max Load Setpoint,
539,Point>Setpoint>Mode Setpoint,DualBand Mode Setpoint,
540,Point>Setpoint>Mode Setpoint,Unoccupied Mode Setpoint,
541,Point>Setpoint>Pressure Setpoint>Differential Pressure Setpoint,Chilled Water Differential Pressure Setpoint,
542,Point>Setpoint>Pressure Setpoint>Differential Pressure Setpoint,Hot Water Differential Pressure Setpoint,
543,Point>Setpoint>Pressure Setpoint>Differential Pressure Setpoint>Chilled Water Differential Pressure Setpoint,Max Chilled Water Differential Pressure Setpoint,
544,Point>Setpoint>Pressure Setpoint>Differential Pressure Setpoint>Chilled Water Differential Pressure Setpoint,Min Chilled Water Differential Pressure Setpoint,
545,Point>Setpoint>Pressure Setpoint>Differential Pressure Setpoint>Load Shed Differential Pressure Setpoint,Chilled Water Differential Pressure Load Shed Setpoint,
546,Point>Setpoint>Pressure Setpoint>Differential Pressure Setpoint>Load Shed Differential Pressure Setpoint,Medium Temperature Hot Water Differential Pressure Load Shed Setpoint,
547,Point>Setpoint>Pressure Setpoint>Static Pressure Setpoint,Building Static Pressure Setpoint,
548,Point>Setpoint>Pressure Setpoint>Static Pressure Setpoint,Chilled Water Static Pressure Setpoint,
549,Point>Setpoint>Pressure Setpoint>Static Pressure Setpoint,Discharge Air Static Pressure Setpoint,Supply Air Static Pressure Setpoint
550,Point>Setpoint>Pressure Setpoint>Static Pressure Setpoint,Exhaust Air Static Pressure Setpoint,
551,Point>Setpoint>Pressure Setpoint>Static Pressure Setpoint,High Static Pressure Cutout Limit Setpoint,
552,Point>Setpoint>Pressure Setpoint>Static Pressure Setpoint,Hot Water Static Pressure Setpoint,
553,Point>Setpoint>Pressure Setpoint>Static Pressure Setpoint,Static Pressure Max Setpoint,
554,Point>Setpoint>Pressure Setpoint>Static Pressure Setpoint,Static Pressure Min Setpoint,
555,Point>Setpoint>Pressure Setpoint>Static Pressure Setpoint>Discharge Air Static Pressure Setpoint,Max Discharge Air Static Pressure Setpoint,Max Supply Air Static Pressure Setpoint
556,Point>Setpoint>Pressure Setpoint>Static Pressure Setpoint>Discharge Air Static Pressure Setpoint,Min Discharge Air Static Pressure Setpoint,Min Supply Air Static Pressure Setpoint
557,Point>Setpoint>Pressure Setpoint,Velocity Pressure Setpoint,
558,Point>Setpoint>Proportional Band Setpoint,Chilled Water Differential Pressure Proportional Band Setpoint,
559,Point>Setpoint>Proportional Gain Setpoint,Supply Air Proportional Gain Factor,
560,Point>Setpoint>Proportional Band Setpoint,Discharge Air Static Pressure Proportional Band Setpoint,Supply Air Static Pressure Proportional Band Setpoint
561,Point>Setpoint>Proportional Band Setpoint>Differential Pressure Proportional Band,Chilled Water Pump Differential Pressure Proportional Band Setpoint,
562,Point>Setpoint>Proportional Band Setpoint>Differential Pressure Proportional Band Setpoint,Hot Water Differential Pressure Proportional Band Setpoint,
563,Point>Setpoint>Proportional Band Setpoint,Cooling Discharge Air Temperature Proportional Band Setpoint,Cooling Supply Air Temperature Proportional Band Setpoint
564,Point>Setpoint>Proportional Band Setpoint,Economizer Discharge Air Temperature Proportional Band Setpoint,Economizer Supply Air Temperature Proportional Band Setpoint
565,Point>Setpoint>Proportional Band Setpoint,Heating Discharge Air Temperature Proportional Band Setpoint,Heating Supply Air Temperature Proportional Band Setpoint
566,Point>Setpoint>Proportional Band Setpoint>Exhaust Air Flow Proportional Band Setpoint,Exhaust Air Stack Flow Proportional Band Setpoint,
567,Point>Setpoint>Proportional Band Setpoint>Static Pressure Proportional Band Setpoint,Exhaust Air Static Pressure Proportional Band Setpoint,
568,Point>Setpoint>Proportional Band Setpoint>Supply Water Differential Pressure Proportional Band Setpoint,Thermal Energy Storage Supply Water Differential Pressure Proportional Band Setpoint,Thermal Energy Storage Discharge Water Differential Pressure Proportional Band Setpoint
569,Point>Setpoint>Proportional Band Setpoint>Supply Water Temperature Proportional Band Setpoint,Heat Exchanger Supply Water Temperature Proportional Band Setpoint,Heat Exchanger Discharge Water Temperature Proportional Band Setpoint
570,Point>Setpoint>Reset Setpoint,Discharge Air Temperature Reset High Setpoint,Supply Air Temperature Reset High Setpoint
571,Point>Setpoint>Reset Setpoint,Discharge Air Temperature Reset Low Setpoint,Supply Air Temperature Reset Low Setpoint
572,Point>Setpoint>Reset Setpoint>Temperature Differential Reset Setpoint,Discharge Air Temperature Reset Differential Setpoint,Supply Air Temperature Reset Differential Setpoint
573,Point>Setpoint>Reset Setpoint>Temperature High Reset Setpoint,Outside Air Temperature High Reset Setpoint,
574,Point>Setpoint>Reset Setpoint>Temperature High Reset Setpoint>Hot Water Supply Temperature High Reset Setpoint,Medium Temperature Hot Water Supply Temperature High Reset Setpoint,Medium Temperature Hot Water Discharge Temperature High Reset Setpoint
575,Point>Setpoint>Reset Setpoint>Temperature Low Reset Setpoint,Outside Air Temperature Low Reset Setpoint,
576,Point>Setpoint>Reset Setpoint>Temperature Low Reset Setpoint>Hot Water Supply Temperature Low Reset Setpoint,Medium Temperature Hot Water Supply Temperature Low Reset Setpoint,Medium Temperature Hot Water Discharge Temperature Low Reset Setpoint
577,Point>Setpoint>Reset Setpoint>Discharge Air Flow Reset Setpoint,Discharge Air Flow Reset Low Setpoint,
578,Point>Setpoint>Reset Setpoint>Discharge Air Flow Reset Setpoint,Discharge Air Flow Reset High Setpoint,
579,Point>Setpoint>Speed Setpoint>Differential Speed Setpoint,Return Fan Differential Speed Setpoint,
580,Point>Setpoint>Speed Setpoint>Differential Speed Setpoint,Return Supply Fan Differential Speed Setpoint,Return Discharge Fan Differential Speed Setpoint
581,Point>Setpoint>Speed Setpoint>Fan Speed Setpoint,Cooling Tower Fan Speed Setpoint,
582,Point>Setpoint>Speed Setpoint>VFD Speed Setpoint,Max VFD Speed Setpoint,
583,Point>Setpoint>Speed Setpoint>VFD Speed Setpoint,Min VFD Speed Setpoint,
584,Point>Setpoint>Temperature Setpoint,Disable Hot Water System Outside Air Temperature Setpoint,
585,Point>Setpoint>Temperature Setpoint,Discharge Air Temperature Setpoint,Supply Air Temperature Setpoint
586,Point>Setpoint>Temperature Setpoint,Economizer Temperature Setpoint,
587,Point>Setpoint>Temperature Setpoint,Enable Hot Water System Outside Air Temperature Setpoint,
588,Point>Setpoint>Temperature Setpoint,Low Outside Air Temperature Enable Setpoint,
589,Point>Setpoint>Temperature Setpoint,Low Temperature Alarm Setpoint,
590,Point>Setpoint>Temperature Setpoint,Mixed Air Temperature Setpoint,
591,Point>Setpoint>Temperature Setpoint,Open Heating Valve Outside Air Temperature Setpoint,
592,Point>Setpoint>Temperature Setpoint,Outside Air Lockout Temperature Setpoint,
593,Point>Setpoint>Temperature Setpoint,Room Temperature Setpoint,
594,Point>Setpoint>Temperature Setpoint,Schedule Temperature Setpoint,
595,Point>Setpoint>Temperature Setpoint,Supply Water Temperature Setpoint,Discharge Water Temperature Setpoint
596,Point>Setpoint>Temperature Setpoint>Cooling Temperature Setpoint,Auto Cooling Temperature Setpoint,
597,Point>Setpoint>Temperature Setpoint>Cooling Temperature Setpoint,Current Cooling Setpoint,
598,Point>Setpoint>Temperature Setpoint>Cooling Temperature Setpoint,Effective Cooling Temperature Setpoint,
599,Point>Setpoint>Temperature Setpoint>Cooling Temperature Setpoint,Unoccupied Cooling Temperature Setpoint,
600,Point>Setpoint>Temperature Setpoint>Cooling Temperature Setpoint,Occupied Cooling Temperature Setpoint,
601,Point>Setpoint>Temperature Setpoint,Discharge Air Temperature Cooling Setpoint,Supply Air Temperature Cooling Setpoint
602,Point>Setpoint>Temperature Setpoint,Discharge Air Temperature Heating Setpoint,Supply Air Temperature Heating Setpoint
603,Point>Setpoint>Temperature Setpoint,Economizer Differential Air Temperature Setpoint,
604,Point>Setpoint>Temperature Setpoint,Max Discharge Air Temperature Setpoint,Max Supply Air Temperature Setpoint
605,Point>Setpoint>Temperature Setpoint,Min Discharge Air Temperature Setpoint,Min Supply Air Temperature Setpoint
606,Point>Setpoint>Temperature Setpoint>Economizer Temperature Setpoint,Economizer Disable Differential Temperature Setpoint,
607,Point>Setpoint>Temperature Setpoint>Economizer Temperature Setpoint,Economizer Disable Fixed Temperature Setpoint,
608,Point>Setpoint>Temperature Setpoint>Economizer Temperature Setpoint,Economizer Enable Differential Temperature Setpoint,
609,Point>Setpoint>Temperature Setpoint>Economizer Temperature Setpoint,Economizer Enable Fixed Temperature Setpoint,
610,Point>Setpoint>Temperature Setpoint>Heating Temperature Setpoint,Effective Heating Temperature Setpoint,
611,Point>Setpoint>Temperature Setpoint>Heating Temperature Setpoint,Unoccupied Heating Temperature Setpoint,
612,Point>Setpoint>Temperature Setpoint>Heating Temperature Setpoint,Occupied Heating Temperature Setpoint,
613,Point>Setpoint>Temperature Setpoint>Supply Water Temperature Setpoint,Heat Exchanger Supply Water Temperature Setpoint,Heat Exchanger Discharge Water Temperature Setpoint
614,Point>Setpoint>Temperature Setpoint>Supply Water Temperature Setpoint>Hot Water Supply Temperature Setpoint,Domestic Hot Water Supply Temperature Setpoint,Domestic Hot Water Discharge Temperature Setpoint
615,Point>Setpoint>Temperature Setpoint>Supply Water Temperature Setpoint>Load Shed Supply Water Temperature Setpoint,Medium Temperature Hot Water Supply Temperature Load Shed Setpoint,Medium Temperature Hot Water Discharge Temperature Load Shed Setpoint
616,Point>Setpoint>Temperature Setpoint>Temperature High Limit Setpoint,Thumbwheel Temperature High Limit Setpoint,
617,Point>Setpoint>Temperature Setpoint>Temperature Low Limit Setpoint,Freeze Protect Temperature Low Limit Setpoint,
618,Point>Setpoint>Temperature Setpoint>Temperature Low Limit Setpoint,Thumbwheel Temperature Low Limit Setpoint,
619,Point>Setpoint>Temperature Setpoint>Zone Temperature Setpoint,Zone Cooling Temperature Setpoint,Zone Temperature High Setpoint
620,Point>Setpoint>Temperature Setpoint>Zone Temperature Setpoint,Zone Heating Temperature Setpoint,Zone Temperature Low Setpoint
621,Point>Setpoint>Tolerance Setpoint,Humidity Tolerance Setpoint,
622,Point>Setpoint>Tolerance Setpoint,Temperature Tolerance Setpoint,
623,Point>Status,Stages Status,
624,Point>Status,Hold Status,
625,Point>Status,Drive Ready Status,
626,Point>Status,Emergency Air Flow Status,
627,Point>Status,Emergency Generator Status,
628,Point>Status,Emergency Push Button Status,
629,Point>Status,Even Month Status,
630,Point>Status,Fan Run Request Status,
631,Point>Status,Fault Indicator Status,
632,Point>Status,Fault Status,
633,Point>Status,Filter Status,
634,Point>Status,Freeze Status,
635,Point>Status,Last Fault Code Status,
636,Point>Status,Load Shed Status,
637,Point>Status,Manual Auto Status,Hand Auto Status
638,Point>Status,Start Stop Status,On Off Status
639,Point>Status,System Shutdown Status,
640,Point>Status,Fan Status,
641,Point>Status,Turn Off Status,
642,Point>Status>Direction Status,Motor Direction Status,
643,Point>Status>Direction Status,Run Direction Status,
644,Point>Status>Disable Status,Exhaust Fan Disable Status,
645,Point>Status>Emergency Power Off Status,Emergency Power Off Activated By High Temperature Status,
646,Point>Status>Emergency Power Off Status,Emergency Power Off Activated By Leak Detection System Status,
647,Point>Status>Emergency Power Off Status,Emergency Power Off Enable Status,
648,Point>Status>Emergency Power Off Status,Emergency Power Off System Enable Status,
649,Point>Status>Enable Status,Chilled Water Pump Enable Status,
650,Point>Status>Enable Status,Heat Exchanger System Enable Status,
651,Point>Status>Enable Status,Pump Enable Status,
652,Point>Status>Enable Status,Run Enable Status,
653,Point>Status>Fan Status,Exhaust Fan Status,
654,Point>Status>Fan Status,Return Fan Status,
655,Point>Status>Fan Status,Supply Fan Status,Discharge Fan Status
656,Point>Status>Fan Status,Standby Fan Status,
657,Point>Status>Fault Status,Humidifier Fault Status,
658,Point>Status>Filter Status,Pre Filter Status,
659,Point>Status>Fire Control Panel LED Status,AHU Off Status LED,
660,Point>Status>Fire Control Panel LED Status,AHU On Status LED,
661,Point>Status>Fire Control Panel LED Status,Exhaust Fan Off Status LED,
662,Point>Status>Fire Control Panel LED Status,Exhaust Fan On Status LED,
663,Point>Status>Load Shed Status>Differential Pressure Load Shed Status,Chilled Water Differential Pressure Load Shed Reset Status,
664,Point>Status>Load Shed Status>Differential Pressure Load Shed Status,Chilled Water Differential Pressure Load Shed Status,
665,Point>Status>Load Shed Status>Differential Pressure Load Shed Status,Medium Temperature Hot Water Differential Pressure Load Shed Reset Status,
666,Point>Status>Load Shed Status>Differential Pressure Load Shed Status,Medium Temperature Hot Water Differential Pressure Load Shed Status,
667,Point>Status>Load Shed Status>Differential Pressure Load Shed Status,Medium Temperature Hot Water Supply Temperature Load Shed Status,Medium Temperature Hot Water Discharge Temperature Load Shed Status
668,Point>Status>Mode Status,Economizer Mode Status,
669,Point>Status>Mode Status,Economizer Status,
670,Point>Status>Mode Status,Occupied Mode Status,
671,Point>Status>Mode Status,System Mode Status,
672,Point>Status>Mode Status,VAV Box Operating Mode Status,
673,Point>Status>Mode Status,Vent Operating Mode Status,
674,Point>Status,Occupancy Status,
675,Point>Status>Occupancy Status,Temporary Occupancy Status,
676,Point>Status>On Off Status,Cooling On Off Status,
677,Point>Status>On Off Status,Dehumidification On Off Status,
678,Point>Status>On Off Status,EconCycle On Off Status,
679,Point>Status>On Off Status,Heating On Off Status,
680,Point>Status>On Off Status,Humidification On Off Status,
681,Point>Status>On Off Status,Standby Glycool Unit On Off Status,
682,Point>Status>On Off Status,Standby Unit On Off Status,
683,Point>Status>Overridden Status,Overridden Off Status,
684,Point>Status>Overridden Status,Overridden On Status,
685,Point>Status>Overridden Status,Exhaust Fan Overridden Off Status,
686,Point>Status>Overridden Status,Exhaust Fan Overridden On Status,
687,Point>Status>Pump Lead Lag Status,Chilled Water Pump Lead Lag Status,
688,Point>Status>Start Stop Status,Exhaust Fan Start Stop Status,
689,Point>Status>Start Stop Status,Fan Start Stop Status,
690,Point>Status>Start Stop Status,Motor Start Stop Status,
691,Point>Status>Start Stop Status,Pump Start Stop Status,
692,Point>Status>Start Stop Status,Pump Status,
693,Point>Status>Start Stop Status,Return Fan Start Stop Status,
694,Point>Status>Start Stop Status,Run Status,
695,Point>Status>Start Stop Status,Supply Fan Start Stop Status,Discharge Fan Start Stop Status
696,Point>Status>Start Stop Status>Pump Start Stop Status,Chilled Water Pump Start Stop Status,
697,Point>Status>Start Stop Status>Pump Status,Chilled Water Pump Status,
698,Point>Status>Start Stop Status>Pump Status,Hot Water Pump Status,
699,Point>Status>On Off Status,Locally On Off Status,
700,Point>Status>On Off Status,Remotely On Off Status,
701,Point>Status>Valve Status,Heat Exchanger Valve Status,
702,Point>Resource,Steam,
703,Point>Resource>Air,Discharge Air,
704,Point>Resource>Air,Mixed Air,
705,Point>Resource>Air,Outside Air,
706,Point>Resource>Air,Return Air,
707,Point>Resource>Water,Chilled Water,
708,Point>Resource>Water,Deionised Water,DI Water
709,Point>Resource>Water,Hot Water,
710,Point>Resource>Water>Hot Water,Domestic Hot Water,
711,Point>Resource>Water>Hot Water,High Temperature Hot Water,
712,Point>Resource>Water>Hot Water,Medium Temperature Hot Water,
